dolar,Fecha
16.96,01/01/17
17.98,01/12/17
20.26,01/03/18
20.8,01/04/18
21.08,01/05/18
25.98,01/06/18
28.92,01/07/18
28.17,01/08/18
37.75,01/10/18
35.89,01/11/18
35.66,02/11/18
35.66,03/11/18
35.66,04/11/18
35.79,05/11/18
35.65,06/11/18
35.76,07/11/18
35.78,08/11/18
35.55,09/11/18
35.55,10/11/18
35.55,11/11/18
35.55,12/11/18
35.99,13/11/18
36.06,14/11/18
36.3,15/11/18
36.15,16/11/18
36.15,17/11/18
36.15,18/11/18
36.15,19/11/18
36.25,20/11/18
36.43,21/11/18
36.49,22/11/18
37.81,23/11/18
37.81,24/11/18
37.81,25/11/18
39.17,26/11/18
38.67,27/11/18
38.62,28/11/18
37.68,29/11/18
37.68,30/11/18
37.68,01/12/18
37.68,02/12/18
36.67,03/12/18
37.48,04/12/18
37.57,05/12/18
37.88,06/12/18
37.62,07/12/18
37.62,08/12/18
37.62,09/12/18
37.83,10/12/18
37.71,11/12/18
37.75,12/12/18
38.1,13/12/18
38.47,14/12/18
38.47,15/12/18
38.47,16/12/18
38.53,17/12/18
38.52,18/12/18
38.58,19/12/18
38.41,20/12/18
38.14,21/12/18
38.14,22/12/18
38.14,23/12/18
38.14,24/12/18
38.14,25/12/18
38.55,26/12/18
38.68,27/12/18
38.11,28/12/18
38.11,29/12/18
38.11,30/12/18
38.11,31/12/18
38.11,01/01/19
37.82,02/01/19
37.68,03/01/19
37.56,04/01/19
37.56,05/01/19
37.56,06/01/19
37.37,07/01/19
37.75,08/01/19
37.45,09/01/19
37.34,10/01/19
37.09,11/01/19
37.09,12/01/19
37.09,13/01/19
36.99,14/01/19
37.28,15/01/19
37.62,16/01/19
37.85,17/01/19
37.82,18/01/19
37.82,19/01/19
37.82,20/01/19
37.76,21/01/19
37.68,22/01/19
37.65,23/01/19
37.55,24/01/19
37.2,25/01/19
37.2,26/01/19
37.2,27/01/19
37.27,28/01/19
37.69,29/01/19
37.57,30/01/19
37.54,31/01/19
37.44,01/02/19
37.44,02/02/19
37.44,03/02/19
37.26,04/02/19
37.27,05/02/19
37.68,06/02/19
37.95,07/02/19
37.92,08/02/19
37.92,09/02/19
37.92,10/02/19
38.09,11/02/19
38.07,12/02/19
38.21,13/02/19
38.4,14/02/19
38.84,15/02/19
38.84,16/02/19
38.84,17/02/19
38.88,18/02/19
39.29,19/02/19
39.87,20/02/19
39.87,21/02/19
39.49,22/02/19
39.49,23/02/19
39.49,24/02/19
39.15,25/02/19
38.9,26/02/19
38.9,27/02/19
39.33,28/02/19
40.16,01/03/19
40.16,02/03/19
40.16,03/03/19
40.16,04/03/19
40.16,05/03/19
40.83,06/03/19
42.81,07/03/19
41.35,08/03/19
41.35,09/03/19
41.35,10/03/19
41.38,11/03/19
41.59,12/03/19
41.23,13/03/19
40.91,14/03/19
40.14,15/03/19
40.14,16/03/19
40.14,17/03/19
40.03,18/03/19
40.6,19/03/19
40.78,20/03/19
41.2,21/03/19
42.13,22/03/19
42.13,23/03/19
42.13,24/03/19
42.12,25/03/19
42.66,26/03/19
44.12,27/03/19
43.82,28/03/19
43.66,29/03/19
43.66,30/03/19
43.66,31/03/19
42.8,01/04/19
42.8,02/04/19
42.96,03/04/19
43.66,04/04/19
43.94,05/04/19
43.94,06/04/19
43.94,07/04/19
43.62,08/04/19
43.36,09/04/19
43.09,10/04/19
42.88,11/04/19
42.43,12/04/19
42.43,13/04/19
42.43,14/04/19
41.8,15/04/19
43.25,16/04/19
42.38,17/04/19
42.38,18/04/19
42.38,19/04/19
42.38,20/04/19
42.38,21/04/19
42.64,22/04/19
42.49,23/04/19
44.43,24/04/19
44.89,25/04/19
46.24,26/04/19
46.24,27/04/19
46.24,28/04/19
44.51,29/04/19
44.27,30/04/19
44.27,01/05/19
44.72,02/05/19
44.35,03/05/19
44.35,04/05/19
44.35,05/05/19
44.57,06/05/19
45.53,07/05/19
45.23,08/05/19
45.08,09/05/19
44.88,10/05/19
44.88,11/05/19
44.88,12/05/19
45.17,13/05/19
44.96,14/05/19
45,15/05/19
44.75,16/05/19
45.14,17/05/19
45.14,18/05/19
45.14,19/05/19
45.3,20/05/19
44.82,21/05/19
44.94,22/05/19
45.12,23/05/19
44.95,24/05/19
44.95,25/05/19
44.95,26/05/19
44.75,27/05/19
44.66,28/05/19
44.39,29/05/19
44.49,30/05/19
44.84,31/05/19
44.84,01/06/19
44.84,02/06/19
44.98,03/06/19
44.6,04/06/19
44.85,05/06/19
44.95,06/06/19
44.85,07/06/19
44.85,08/06/19
44.85,09/06/19
44.85,10/06/19
44.51,11/06/19
43.6,12/06/19
43.28,13/06/19
44.09,14/06/19
44.09,15/06/19
44.09,16/06/19
44.09,17/06/19
43.45,18/06/19
43.33,19/06/19
43.33,20/06/19
42.97,21/06/19
42.97,22/06/19
42.97,23/06/19
42.49,24/06/19
42.59,25/06/19
42.75,26/06/19
42.75,27/06/19
42.48,28/06/19
42.48,29/06/19
42.48,30/06/19
42.41,01/07/19
42.26,02/07/19
41.95,03/07/19
41.91,04/07/19
41.82,05/07/19
41.82,06/07/19
41.82,07/07/19
41.82,08/07/19
41.82,09/07/19
42,10/07/19
41.62,11/07/19
41.69,12/07/19
41.69,13/07/19
41.69,14/07/19
42.44,15/07/19
42.73,16/07/19
42.49,17/07/19
42.5,18/07/19
42.28,19/07/19
42.28,20/07/19
42.28,21/07/19
42.62,22/07/19
42.75,23/07/19
42.94,24/07/19
43.29,25/07/19
43.61,26/07/19
43.61,27/07/19
43.61,28/07/19
43.65,29/07/19
43.97,30/07/19
44.07,31/07/19
44.52,01/08/19
44.66,02/08/19
44.66,03/08/19
44.66,04/08/19
45.59,05/08/19
45.34,06/08/19
45.57,07/08/19
45.5,08/08/19
45.28,09/08/19
45.28,10/08/19
45.28,11/08/19
54.52,12/08/19
58.16,13/08/19
60.73,14/08/19
57.67,15/08/19
55.88,16/08/19
55.88,17/08/19
55.88,18/08/19
55.88,19/08/19
55.17,20/08/19
55.02,21/08/19
55.05,22/08/19
54.76,23/08/19
54.76,24/08/19
54.76,25/08/19
55.3,26/08/19
56.64,27/08/19
59.4,28/08/19
57.69,29/08/19
61.96,30/08/19
61.96,31/08/19
61.96,01/09/19
60.03,02/09/19
59.77,03/09/19
59.64,04/09/19
60.64,05/09/19
62.35,06/09/19
62.35,07/09/19
62.35,08/09/19
61.09,09/09/19
62.6,10/09/19
63.49,11/09/19
64.89,12/09/19
69.21,13/09/19
69.21,14/09/19
69.21,15/09/19
66.6,16/09/19
65.38,17/09/19
65.37,18/09/19
63.78,19/09/19
64.67,20/09/19
64.67,21/09/19
64.67,22/09/19
64.23,23/09/19
61.83,24/09/19
62.05,25/09/19
60.96,26/09/19
60.78,27/09/19
60.78,28/09/19
60.78,29/09/19
61.02,30/09/19
62.9,01/10/19
62.7,02/10/19
61.99,03/10/19
63.42,04/10/19
63.42,05/10/19
63.42,06/10/19
62.58,07/10/19
62.98,08/10/19
64.48,09/10/19
64.83,10/10/19
66.53,11/10/19
66.53,12/10/19
66.53,13/10/19
66.53,14/10/19
66.5,15/10/19
66.85,16/10/19
70.11,17/10/19
70.98,18/10/19
70.98,19/10/19
70.98,20/10/19
71.68,21/10/19
74.96,22/10/19
71.73,23/10/19
73.23,24/10/19
77.14,25/10/19
77.14,26/10/19
77.14,27/10/19
76.8,28/10/19
73.01,29/10/19
74.81,30/10/19
76.27,31/10/19
76.28,01/11/19
76.28,02/11/19
76.28,03/11/19
74.49,04/11/19
73.73,05/11/19
73.87,06/11/19
72.92,07/11/19
73.62,08/11/19
73.62,09/11/19
73.62,10/11/19
72.15,11/11/19
72.67,12/11/19
71.51,13/11/19
71.84,14/11/19
71.56,15/11/19
71.56,16/11/19
71.56,17/11/19
71.56,18/11/19
72.38,19/11/19
71.97,20/11/19
71.47,21/11/19
71.61,22/11/19
71.61,23/11/19
71.61,24/11/19
70.93,25/11/19
70.11,26/11/19
70.66,27/11/19
70.97,28/11/19
72.7,29/11/19
72.7,30/11/19
72.7,01/12/19
72.54,02/12/19
72.2,03/12/19
73.69,04/12/19
75.81,05/12/19
75.39,06/12/19
75.39,07/12/19
75.39,08/12/19
73.4,09/12/19
72.79,10/12/19
73.16,11/12/19
70.16,12/12/19
70.38,13/12/19
70.38,14/12/19
70.38,15/12/19
73.11,16/12/19
73.12,17/12/19
71.49,18/12/19
70.93,19/12/19
71.09,20/12/19
71.09,21/12/19
71.09,22/12/19
72.61,23/12/19
72.61,24/12/19
72.61,25/12/19
71.54,26/12/19
72.09,27/12/19
72.09,28/12/19
72.09,29/12/19
72.43,30/12/19
72.43,31/12/19
72.43,01/01/20
74.51,02/01/20
75.88,03/01/20
75.88,04/01/20
75.88,05/01/20
75.8,06/01/20
76.03,07/01/20
74.81,08/01/20
76.22,09/01/20
77.65,10/01/20
77.65,11/01/20
77.65,12/01/20
79.9,13/01/20
79.27,14/01/20
79.4,15/01/20
80.03,16/01/20
79.62,17/01/20
79.62,18/01/20
79.62,19/01/20
79.89,20/01/20
79.93,21/01/20
80.32,22/01/20
81.57,23/01/20
81.86,24/01/20
81.86,25/01/20
81.86,26/01/20
81.84,27/01/20
82.71,28/01/20
82.22,29/01/20
82.97,30/01/20
83.79,31/01/20
83.79,01/02/20
83.79,02/02/20
82.56,03/02/20
82.9,04/02/20
82.83,05/02/20
82.66,06/02/20
82.43,07/02/20
82.43,08/02/20
82.43,09/02/20
82.29,10/02/20
82.32,11/02/20
81.56,12/02/20
81.95,13/02/20
82.19,14/02/20
82.19,15/02/20
82.19,16/02/20
81.52,17/02/20
80.44,18/02/20
80.74,19/02/20
80.18,20/02/20
79.75,21/02/20
79.75,22/02/20
79.75,23/02/20
79.75,24/02/20
79.75,25/02/20
79.81,26/02/20
79.56,27/02/20
80.87,28/02/20
80.87,29/02/20
80.87,01/03/20
81.25,02/03/20
80.8,03/03/20
80.35,04/03/20
80.13,05/03/20
81.61,06/03/20
81.61,07/03/20
81.61,08/03/20
85.12,09/03/20
83.4,10/03/20
85.76,11/03/20
87.48,12/03/20
88.22,13/03/20
88.22,14/03/20
88.22,15/03/20
88.17,16/03/20
86.9,17/03/20
88.35,18/03/20
88.53,19/03/20
91.4,20/03/20
91.4,21/03/20
91.4,22/03/20
91.4,23/03/20
91.4,24/03/20
86.79,25/03/20
83.2,26/03/20
85.42,27/03/20
85.42,28/03/20
85.42,29/03/20
85.96,30/03/20
85.96,31/03/20
87.88,01/04/20
87.78,02/04/20
88.42,03/04/20
88.42,04/04/20
88.42,05/04/20
89.57,06/04/20
90.44,07/04/20
94.27,08/04/20
94.27,09/04/20
94.27,10/04/20
94.27,11/04/20
94.27,12/04/20
101.09,13/04/20
106.26,14/04/20
108.32,15/04/20
103.37,16/04/20
99.84,17/04/20
99.84,18/04/20
99.84,19/04/20
104.23,20/04/20
108.43,21/04/20
109.18,22/04/20
110.05,23/04/20
108.35,24/04/20
108.35,25/04/20
108.35,26/04/20
112.92,27/04/20
116.95,28/04/20
108.87,29/04/20
112.31,30/04/20
112.31,01/05/20
112.31,02/05/20
112.31,03/05/20
110.19,04/05/20
117.08,05/05/20
115.88,06/05/20
115.77,07/05/20
112.98,08/05/20
112.98,09/05/20
112.98,10/05/20
115.98,11/05/20
119.31,12/05/20
122.77,13/05/20
119.36,14/05/20
117.95,15/05/20
117.95,16/05/20
117.95,17/05/20
115.54,18/05/20
114.22,19/05/20
114.84,20/05/20
114.37,21/05/20
109.53,22/05/20
109.53,23/05/20
109.53,24/05/20
109.53,25/05/20
106.32,26/05/20
105.56,27/05/20
109.41,28/05/20
107.71,29/05/20
107.71,30/05/20
107.71,31/05/20
108.77,01/06/20
106.39,02/06/20
107.91,03/06/20
108.27,04/06/20
109.86,05/06/20
109.86,06/06/20
109.86,07/06/20
110,08/06/20
108.73,09/06/20
108.07,10/06/20
107.49,11/06/20
106.59,12/06/20
106.59,13/06/20
106.59,14/06/20
106.59,15/06/20
105.31,16/06/20
104.96,17/06/20
107.1,18/06/20
109.53,19/06/20
109.53,20/06/20
109.53,21/06/20
108.12,22/06/20
107.67,23/06/20
107.3,24/06/20
104.21,25/06/20
102.47,26/06/20
102.47,27/06/20
102.47,28/06/20
100.39,29/06/20
100.53,30/06/20
105.5,01/07/20
107.24,02/07/20
105.79,03/07/20
105.79,04/07/20
105.79,05/07/20
106.7,06/07/20
108.58,07/07/20
108.98,08/07/20
108.98,09/07/20
108.98,10/07/20
108.98,11/07/20
108.98,12/07/20
109.73,13/07/20
110.97,14/07/20
112.02,15/07/20
112,16/07/20
115.39,17/07/20
115.39,18/07/20
115.39,19/07/20
117.57,20/07/20
116.07,21/07/20
114.45,22/07/20
111.78,23/07/20
114.57,24/07/20
114.57,25/07/20
114.57,26/07/20
115.67,27/07/20
115.89,28/07/20
116.72,29/07/20
119.54,30/07/20
122.21,31/07/20
122.21,01/08/20
122.21,02/08/20
122,03/08/20
116.28,04/08/20
117.17,05/08/20
121.68,06/08/20
124.65,07/08/20
124.65,08/08/20
124.65,09/08/20
125.84,10/08/20
124.53,11/08/20
125.73,12/08/20
125.3,13/08/20
124.22,14/08/20
124.22,15/08/20
124.22,16/08/20
124.22,17/08/20
125.69,18/08/20
127.61,19/08/20
129.42,20/08/20
129.52,21/08/20
129.52,22/08/20
129.52,23/08/20
130.33,24/08/20
127.69,25/08/20
125.16,26/08/20
122.29,27/08/20
121.73,28/08/20
121.73,29/08/20
121.73,30/08/20
121.57,31/08/20
117.64,01/09/20
119.72,02/09/20
119.51,03/09/20
120,04/09/20
120,05/09/20
120,06/09/20
117.84,07/09/20
116.41,08/09/20
119.67,09/09/20
123.41,10/09/20
125.17,11/09/20
125.17,12/09/20
125.17,13/09/20
123.21,14/09/20
122.06,15/09/20
127.61,16/09/20
126.33,17/09/20
131.14,18/09/20
132.79,21/09/20
134.57,22/09/20
134.88,23/09/20
131.63,24/09/20
134.69,25/09/20
137.24,28/09/20
139.4,29/09/20
139.1,30/09/20
139.88,01/10/20
139.8,02/10/20
143.04,05/10/20
140.2,06/10/20
139.66,07/10/20
140.65,08/10/20
143.94,09/10/20
146.4,13/10/20
148.13,14/10/20
155.57,15/10/20
155.42,16/10/20
155.14,19/10/20
160.48,20/10/20
167.45,21/10/20
164.46,22/10/20
157.88,23/10/20
159.38,26/10/20
154.52,27/10/20
149.38,28/10/20
144.11,29/10/20
145.29,30/10/20
140.99,02/11/20
141.31,03/11/20
144.06,04/11/20
144.9,05/11/20
144.44,06/11/20
143.61,09/11/20
144.07,10/11/20
142.96,11/11/20
141.3,12/11/20
142.35,13/11/20
144.14,16/11/20
145.6,17/11/20
147.19,18/11/20
147.29,19/11/20
147.39,20/11/20
147.94,24/11/20
146.45,25/11/20
147.35,26/11/20
147.14,27/11/20
146.19,30/11/20
144.79,01/12/20
143.81,02/12/20
140.62,03/12/20
142.71,04/12/20
140.25,09/12/20
138.3,10/12/20
140.48,11/12/20
141.2,14/12/20
142.4,15/12/20
141.42,16/12/20
140.7,17/12/20
141.67,18/12/20
139.85,21/12/20
139.39,22/12/20
141.77,23/12/20
141.44,28/12/20
142.02,29/12/20
141.89,30/12/20
144.67,04/01/21
145.89,05/01/21
146.03,06/01/21
147.91,07/01/21
147.68,08/01/21
146.29,11/01/21
146.34,12/01/21
146.16,13/01/21
146.77,14/01/21
147.97,15/01/21
146.67,18/01/21
146.91,19/01/21
146.81,20/01/21
147.49,21/01/21
146.67,22/01/21
147.82,25/01/21
148.76,26/01/21
148.5,27/01/21
149.1,28/01/21
148.6,29/01/21
148.5,01/02/21
149.75,02/02/21
150.34,03/02/21
150.93,04/02/21
150.95,05/02/21
150.95,08/02/21
150.06,09/02/21
150.4,10/02/21
148.31,11/02/21
146.48,12/02/21
144.02,17/02/21
141.64,18/02/21
139.4,19/02/21
138.08,22/02/21
139.8,23/02/21
141.7,24/02/21
142.86,25/02/21
143.24,26/02/21
144.35,01/03/21
146.62,02/03/21
146.59,03/03/21
145.7,04/03/21
146.65,05/03/21
146.65,08/03/21
146.63,09/03/21
143.36,10/03/21
144.62,11/03/21
145,12/03/21
145.2,15/03/21
144.93,16/03/21
145.44,17/03/21
145.23,18/03/21
144.38,19/03/21
143.14,22/03/21
142.88,23/03/21
141.32,25/03/21
138.77,26/03/21
138.85,29/03/21
140.21,30/03/21
141.67,31/03/21
141.63,05/04/21
143.84,06/04/21
143.87,07/04/21
144.86,08/04/21
144.85,09/04/21
144.27,12/04/21
142.77,13/04/21
143.41,14/04/21
143.75,15/04/21
143.72,16/04/21
144.42,19/04/21
146.6,20/04/21
145.7,21/04/21
145.5,22/04/21
148.39,23/04/21
150.61,26/04/21
151.4,27/04/21
152.87,28/04/21
152.98,29/04/21
152.92,30/04/21
154.09,03/05/21
155.09,04/05/21
155.08,05/05/21
154.15,06/05/21
154.54,07/05/21
153.76,10/05/21
153.2,11/05/21
153.02,12/05/21
153.91,13/05/21
154.55,14/05/21
154.95,17/05/21
154.95,18/05/21
157.6,19/05/21
158.33,20/05/21
159.36,21/05/21
158.4,26/05/21
159.07,27/05/21
159.9,28/05/21
160.65,31/05/21
161.08,01/06/21
162.16,02/06/21
161.99,03/06/21
160.79,04/06/21
161.4,07/06/21
160.29,08/06/21
159.75,09/06/21
159.21,10/06/21
158.18,11/06/21
157.71,14/06/21
158.81,15/06/21
159.91,16/06/21
160.92,17/06/21
160.8,18/06/21
161.51,22/06/21
162.26,23/06/21
162.94,24/06/21
165.53,25/06/21
164.14,28/06/21
164.47,29/06/21
164.82,30/06/21
166.36,01/07/21
167.79,02/07/21
167.02,05/07/21
168.53,06/07/21
168.63,07/07/21
167.57,08/07/21
166.31,12/07/21
165.73,13/07/21
165.73,14/07/21
166.71,15/07/21
166.31,16/07/21
167.76,19/07/21
168.64,20/07/21
168.9,21/07/21
169.26,22/07/21
169.06,23/07/21
170.49,26/07/21
170.15,27/07/21
168.91,28/07/21
169.8,29/07/21
170.02,30/07/21
169.87,02/08/21
170.23,03/08/21
170.12,04/08/21
171.06,05/08/21
170.61,06/08/21
170.18,09/08/21
169.17,10/08/21
170.7,11/08/21
169.55,12/08/21
170.36,13/08/21
170.23,17/08/21
172.09,18/08/21
173.96,19/08/21
173.99,20/08/21
170.45,23/08/21
170.12,24/08/21
170.93,25/08/21
172.26,26/08/21
172.27,27/08/21
170.77,30/08/21
171.35,31/08/21
172,01/09/21
172.89,02/09/21
173.14,03/09/21
172.26,06/09/21
172.34,07/09/21
173.48,08/09/21
174.81,09/09/21
177.72,10/09/21
172.65,13/09/21
173.24,14/09/21
173.19,15/09/21
173.8,16/09/21
175.4,17/09/21
176.45,20/09/21
176.84,21/09/21
177.41,22/09/21
179.92,23/09/21
179.92,24/09/21
179.94,27/09/21
180.05,28/09/21
179.45,29/09/21
176.63,30/09/21
178.34,01/10/21
177.65,04/10/21
177.16,05/10/21
181.28,06/10/21
182.66,07/10/21
181.62,12/10/21
184.12,13/10/21
185.65,14/10/21
187.28,15/10/21
187.57,18/10/21
189.48,19/10/21
187.81,20/10/21
188.58,21/10/21
188.86,22/10/21
190.21,25/10/21
191.64,26/10/21
193.73,27/10/21
193.7,28/10/21
198.47,29/10/21
198.47,30/10/21
198.47,31/10/21
204.59,01/11/21
206.18,02/11/21
204.51,03/11/21
201.64,04/11/21
205.23,05/11/21
202.6,08/11/21
200.27,09/11/21
198.91,10/11/21
198.93,11/11/21
198.5,12/11/21
197.6,15/11/21
199.57,16/11/21
201.43,17/11/21
203.79,18/11/21
205.58,19/11/21
205.72,23/11/21
204.95,24/11/21
202.07,25/11/21
201.17,26/11/21
198.73,29/11/21
201.92,30/11/21
203.48,01/12/21
204.21,02/12/21
204.55,03/12/21
203.46,06/12/21
200.6,07/12/21
196.79,09/12/21
196.99,10/12/21
195.41,13/12/21
193.35,14/12/21
191.66,15/12/21
194.53,16/12/21
197.79,17/12/21
199.94,20/12/21
201.01,21/12/21
193.2,27/12/21
193.26,28/12/21
194.4,29/12/21
197.19,30/12/21
197.52,03/01/22
196.39,04/01/22
199.15,05/01/22
203.05,06/01/22
203.05,07/01/22
205.33,10/01/22
202.07,11/01/22
202.09,12/01/22
201.34,13/01/22
201.13,14/01/22
203.83,17/01/22
203.35,18/01/22
206.43,19/01/22
212.09,20/01/22
214.25,21/01/22
216.75,24/01/22
218.12,25/01/22
219.33,26/01/22
222.05,27/01/22
217.17,28/01/22
213.48,31/01/22
214.63,01/02/22
210.88,02/02/22
211.71,03/02/22
212.23,04/02/22
210.22,07/02/22
207.9,08/02/22
204.97,09/02/22
207.15,10/02/22
207.59,11/02/22
207.41,14/02/22
205.49,15/02/22
203.93,16/02/22
203.03,17/02/22
199.72,18/02/22
201.12,21/02/22
196.05,22/02/22
196.81,23/02/22
197.19,24/02/22
195.31,25/02/22
196.84,02/03/22
196.82,03/03/22
197.6,04/03/22
197.28,07/03/22
187.41,11/03/22
185.6,14/03/22
188.06,15/03/22
193.93,16/03/22
195.33,17/03/22
195.17,18/03/22
197.9,21/03/22
199.82,22/03/22
200.72,23/03/22
200.31,25/03/22
196.27,28/03/22
191.99,29/03/22
192.52,30/03/22
190.56,31/03/22
189.75,01/04/22
190.88,04/04/22
190.17,05/04/22
189.92,06/04/22
192.32,07/04/22
191.15,08/04/22
191.31,11/04/22
191.67,12/04/22
191.33,13/04/22
189.3,18/04/22
191.69,19/04/22
195.24,20/04/22
203.97,21/04/22
208.27,22/04/22
207.96,25/04/22
212.07,26/04/22
208.33,27/04/22
203.99,28/04/22
205.99,29/04/22
209.38,02/05/22
207.49,03/05/22
203.57,04/05/22
205.39,05/05/22
208.49,06/05/22
206.52,09/05/22
207.79,10/05/22
207.08,11/05/22
207.1,12/05/22
210.92,13/05/22
210.79,16/05/22
209.31,17/05/22
207.88,19/05/22
209.56,20/05/22
210.61,23/05/22
211.75,24/05/22
211.41,26/05/22
210.35,27/05/22
210.95,30/05/22
207.35,31/05/22
208.56,01/06/22
206.87,02/06/22
207.75,03/06/22
208.84,06/06/22
208.68,07/06/22
209.15,08/06/22
217.32,09/06/22
223.2,10/06/22
227.37,13/06/22
231.96,14/06/22
229.83,15/06/22
235.09,16/06/22
233.42,21/06/22
227.94,22/06/22
232.23,23/06/22
230.87,24/06/22
241.71,27/06/22
243.07,28/06/22
245.67,29/06/22
249.59,30/06/22
247.9,01/07/22
272.39,04/07/22
265.28,05/07/22
270.17,06/07/22
284.32,07/07/22
289.29,08/07/22
285.69,11/07/22
279.4,12/07/22
280.06,13/07/22
284.28,14/07/22
292.5,15/07/22
295.24,18/07/22
297.84,19/07/22
303.44,20/07/22
326.09,21/07/22
315.5,22/07/22
319.72,25/07/22
324.88,26/07/22
323.77,27/07/22
298.16,28/07/22
276.71,29/07/22
272.48,01/08/22
276.66,02/08/22
281.02,03/08/22
284.47,04/08/22
278.78,05/08/22
278.94,08/08/22
279.2,09/08/22
284.59,10/08/22
279.36,11/08/22
279.12,12/08/22
275.78,16/08/22
281.37,17/08/22
288.13,18/08/22
292.03,19/08/22
287.88,22/08/22
288.15,23/08/22
286.6,24/08/22
286.6,25/08/22
282.57,26/08/22
281.78,29/08/22
283.83,30/08/22
283.08,31/08/22
278.73,01/09/22
278.73,02/09/22
271.19,05/09/22
270.34,06/09/22
271.03,07/09/22
273.02,08/09/22
269.56,09/09/22
269.39,12/09/22
269.9,13/09/22
275.45,14/09/22
289.66,15/09/22
294.19,16/09/22
297.11,19/09/22
295.1,20/09/22
297.91,21/09/22
302.19,22/09/22
301.82,23/09/22
298.25,26/09/22
296.78,27/09/22
297.99,28/09/22
295.83,29/09/22
302.48,30/09/22
297.97,03/10/22
299.77,04/10/22
297.5,05/10/22
293.25,06/10/22
288.15,11/10/22
294.91,12/10/22
299.42,13/10/22
299.04,14/10/22
296.22,17/10/22
293.33,18/10/22
292.41,19/10/22
290.87,20/10/22
290.63,21/10/22
292.26,24/10/22
293.63,25/10/22
292.28,26/10/22
294.65,27/10/22
295.07,28/10/22
293.56,31/10/22
292.84,01/11/22
291.17,02/11/22
292.92,03/11/22
290.97,04/11/22
289.32,07/11/22
291.47,08/11/22
293.81,09/11/22
296.78,10/11/22
296.95,11/11/22
299.79,14/11/22
302.06,15/11/22
308.98,16/11/22
313.87,17/11/22
313.58,18/11/22
312.8,22/11/22
311.81,23/11/22
319.3,24/11/22
316.07,25/11/22
314.02,28/11/22
313.45,29/11/22
312.51,30/11/22
318.57,01/12/22
318.67,02/12/22
319.11,05/12/22
328.88,06/12/22
328.98,07/12/22
322.35,12/12/22
323.36,13/12/22
322.7,14/12/22
320.1,15/12/22
320.1,16/12/22
320.89,19/12/22
325.01,20/12/22
322.87,21/12/22
324.25,22/12/22
325.71,23/12/22
327.62,26/12/22
335.39,27/12/22
331.63,28/12/22
334.36,29/12/22
327.94,30/12/22
329.21,02/01/23
330.7,03/01/23
334.93,04/01/23
332.67,05/01/23
329.91,06/01/23
327.17,09/01/23
325.87,10/01/23
327.7,11/01/23
342.38,12/01/23
340.23,13/01/23
344.03,16/01/23
341.89,17/01/23
340.3,18/01/23
332.83,19/01/23
352.52,20/01/23
352.21,23/01/23
353.85,24/01/23
351.98,25/01/23
352.22,26/01/23
352.78,27/01/23
353.93,30/01/23
354.81,31/01/23
353.7,01/02/23
354.75,02/02/23
357.36,03/02/23
353.94,06/02/23
353.2,07/02/23
354.95,08/02/23
354.36,09/02/23
354.15,10/02/23
355.27,13/02/23
355.28,14/02/23
356.23,15/02/23
357.61,16/02/23
355.59,17/02/23
356.45,22/02/23
357.26,23/02/23
356.78,24/02/23
356.07,27/02/23
357.47,28/02/23
359.78,01/03/23
364.81,02/03/23
366.5,03/03/23
362.42,06/03/23
366.97,07/03/23
372.86,08/03/23
375.43,09/03/23
380.64,10/03/23
379.51,13/03/23
377.76,14/03/23
383.31,15/03/23
388.76,16/03/23
388.84,17/03/23
387.63,20/03/23
385.98,21/03/23
387.1,22/03/23
375.72,23/03/23
376.4,27/03/23
383.55,28/03/23
386.81,29/03/23
391.82,30/03/23
397.37,31/03/23
396.94,03/04/23
402.41,04/04/23
396.6,05/04/23
390.71,10/04/23
387,11/04/23
386.34,12/04/23
388.14,13/04/23
398.62,14/04/23
395.45,17/04/23
408.86,18/04/23
409.77,19/04/23
421.9,20/04/23
437.75,21/04/23
449.02,24/04/23
447.5,25/04/23
446.43,26/04/23
442.23,27/04/23
436.05,28/04/23
428.84,02/05/23
429.46,03/05/23
430.19,04/05/23
432.35,05/05/23
430.43,08/05/23
430.51,09/05/23
432.43,10/05/23
435.43,11/05/23
434.31,12/05/23
437.66,15/05/23
441.93,16/05/23
444.08,17/05/23
473.5,18/05/23
465.42,19/05/23
464.27,22/05/23
466.09,23/05/23
459.55,24/05/23
459.51,29/05/23
462.32,30/05/23
466.98,31/05/23
467.03,01/06/23
469.09,02/06/23
472.29,05/06/23
471.8,06/06/23
472.76,07/06/23
473.92,08/06/23
473.5,09/06/23
474.49,12/06/23
473.19,13/06/23
474.65,14/06/23
474.59,15/06/23
476.56,16/06/23
478.53,21/06/23
480.58,22/06/23
481,23/06/23
478.81,26/06/23
479.77,27/06/23
481.79,28/06/23
482.65,29/06/23
482.52,30/06/23
483.48,03/07/23
483.41,04/07/23
483.4,05/07/23
482.16,06/07/23
484.47,07/07/23
484.21,10/07/23
484.06,11/07/23
484.85,12/07/23
487.74,13/07/23
485.31,14/07/23
487.68,17/07/23
487.52,18/07/23
490.24,19/07/23
493.71,20/07/23
494.69,21/07/23
495.75,24/07/23
495.67,25/07/23
502.97,26/07/23
505.75,27/07/23
509.94,28/07/23
509.99,31/07/23
509.45,01/08/23
512.54,02/08/23
513.99,03/08/23
514.71,04/08/23
516.7,07/08/23
521.92,08/08/23
527.92,09/08/23
529.82,10/08/23
539.89,11/08/23
621.14,14/08/23
667.17,15/08/23
651.42,16/08/23
659.49,17/08/23
657.48,18/08/23
658.88,22/08/23
661.32,23/08/23
665.4,24/08/23
664.97,25/08/23
667.95,28/08/23
671.02,29/08/23
670.99,30/08/23
670.83,31/08/23
670.37,01/09/23
672.62,04/09/23
672.34,05/09/23
673.47,06/09/23
674.84,07/09/23
673.36,08/09/23
675.54,11/09/23
676.46,12/09/23
676.32,13/09/23
677.79,14/09/23
678.68,15/09/23
679.36,18/09/23
680.08,19/09/23
679.95,20/09/23
680.85,21/09/23
682.08,22/09/23
683.01,25/09/23
685.58,26/09/23
689.85,27/09/23
694.89,28/09/23
701.01,29/09/23
709.83,02/10/23
720.62,03/10/23
747.68,04/10/23
784.83,05/10/23
812.75,06/10/23
840.01,09/10/23
844.81,10/10/23
854.74,11/10/23
870.46,12/10/23
884.82,17/10/23
884.74,18/10/23
888.6,19/10/23
898.91,20/10/23
899.33,23/10/23
843.82,24/10/23
872.31,25/10/23
855.48,26/10/23
818.69,27/10/23
859.75,30/10/23
852.85,31/10/23
840.28,01/11/23
863.64,02/11/23
844.01,03/11/23
848.8,07/11/23
840.97,08/11/23
863.3,09/11/23
881.71,10/11/23
870.63,13/11/23
868.42,14/11/23
882.35,15/11/23
857.14,16/11/23
872.61,17/11/23
930.44,21/11/23
984.19,22/11/23
1006.39,23/11/23
972.75,24/11/23
889.15,27/11/23
867.12,28/11/23
838.16,29/11/23
858.82,30/11/23
907.69,01/12/23
913.05,04/12/23
934.71,05/12/23
936.93,06/12/23
986.37,07/12/23
993.53,11/12/23
1011.46,12/12/23
1037.29,13/12/23
1003.94,14/12/23
993.73,15/12/23
963.22,18/12/23
964.69,19/12/23
946.47,20/12/23
971.88,21/12/23
954.23,22/12/23
939.7,26/12/23
932.59,27/12/23
950.24,28/12/23
995,29/12/23
991.3,02/01/24
1033.56,03/01/24
1050.43,04/01/24
1104.93,05/01/24
1141.62,08/01/24
1160.38,09/01/24
1142.45,10/01/24
1119.17,11/01/24
1096.39,12/01/24
1125.3,15/01/24
1163.48,16/01/24
1221.49,17/01/24
1227.54,18/01/24
1251.67,19/01/24
1241.41,22/01/24
1233.22,23/01/24
1232.72,24/01/24
1229.32,25/01/24
1188.48,26/01/24
1219.88,29/01/24
1208.21,30/01/24
1175.67,31/01/24
1235.43,01/02/24
1237.43,02/02/24
1209.52,05/02/24
1194.74,06/02/24
1199.41,07/02/24
1183.55,08/02/24
1173.36,09/02/24
1124.14,14/02/24
1086.86,15/02/24
1064.71,16/02/24
1108.61,19/02/24
1080.31,20/02/24
1072.51,21/02/24
1054.78,22/02/24
1076.6,23/02/24
1051.04,26/02/24
1044.95,27/02/24
1031.25,28/02/24
1032.24,29/02/24
1053.46,01/03/24
1029.54,04/03/24
1016.08,05/03/24
981.21,06/03/24
996.63,07/03/24
1000.47,08/03/24
980.98,11/03/24
1036.19,12/03/24
1012.01,13/03/24
1015.67,14/03/24
1027.63,15/03/24
1023.89,18/03/24
1032.36,19/03/24
1042.43,20/03/24
1036.25,21/03/24
1036.16,22/03/24
1012.94,25/03/24
1027.09,26/03/24
1016.09,27/03/24
